Link,Timestamp
https://us.shein.com/SHEIN-Unity-1pc-Solid-High-Neck-Crop-Tee-p-23997649-cat-1738.html?src_identifier=fc%3DAll%60sc%3DWomenClothing%60tc%3D0%60oc%3DToprated%60ps%3Dtab01navbar03menu01dir03%60jc%3DitemPicking_003161153&src_module=topcat&src_tab_page_id=page_real_class1697808447511&mallCode=1,2023-11-11 03:20:58.876442
https://us.shein.com/SHEIN-LUNE-Notched-Neckline-Lantern-Sleeve-Tee-p-24294836-cat-1738.html?src_identifier=fc%3DAll%60sc%3DWomenClothing%60tc%3D0%60oc%3DToprated%60ps%3Dtab01navbar03menu01dir03%60jc%3DitemPicking_003161153&src_module=topcat&src_tab_page_id=page_real_class1697808447511&mallCode=1,2023-11-11 03:20:58.876476
https://us.shein.com/DAZY-Kpop-Solid-Crop-Tee-p-24368701-cat-1738.html?src_identifier=fc%3DAll%60sc%3DWomenClothing%60tc%3D0%60oc%3DToprated%60ps%3Dtab01navbar03menu01dir03%60jc%3DitemPicking_003161153&src_module=topcat&src_tab_page_id=page_real_class1697808447511&mallCode=1,2023-11-11 03:20:58.876499
https://us.shein.com/3pcs-Solid-Cami-Top-p-24414602-cat-1779.html?src_identifier=fc%3DAll%60sc%3DWomenClothing%60tc%3D0%60oc%3DToprated%60ps%3Dtab01navbar03menu01dir03%60jc%3DitemPicking_003161153&src_module=topcat&src_tab_page_id=page_real_class1697808447511&mallCode=1,2023-11-11 03:20:58.876519
https://us.shein.com/SHEIN-Frenchy-Sweetheart-Neck-Ruched-Bust-Ribbed-Knit-Tee-p-24415112-cat-1738.html?src_identifier=fc%3DAll%60sc%3DWomenClothing%60tc%3D0%60oc%3DToprated%60ps%3Dtab01navbar03menu01dir03%60jc%3DitemPicking_003161153&src_module=topcat&src_tab_page_id=page_real_class1697808447511&mallCode=1,2023-11-11 03:20:58.876539
https://us.shein.com/Slogan-Graphic-Round-Neck-Tee-p-23814383-cat-1738.html?src_identifier=fc%3DAll%60sc%3DWomenClothing%60tc%3D0%60oc%3DToprated%60ps%3Dtab01navbar03menu01dir03%60jc%3DitemPicking_003161153&src_module=topcat&src_tab_page_id=page_real_class1697808447511&mallCode=1,2023-11-11 03:20:58.876566
https://us.shein.com/DAZY-Kpop-Solid-Scoop-Neck-Tee-p-24629095-cat-1738.html?src_identifier=fc%3DAll%60sc%3DWomenClothing%60tc%3D0%60oc%3DToprated%60ps%3Dtab01navbar03menu01dir03%60jc%3DitemPicking_003161153&src_module=topcat&src_tab_page_id=page_real_class1697808447511&mallCode=1,2023-11-11 03:20:58.876589
https://us.shein.com/Plaid-Print-Drop-Shoulder-Flap-Pocket-Shirt-p-24739273-cat-1733.html?src_identifier=fc%3DAll%60sc%3DWomenClothing%60tc%3D0%60oc%3DToprated%60ps%3Dtab01navbar03menu01dir03%60jc%3DitemPicking_003161153&src_module=topcat&src_tab_page_id=page_real_class1697808447511&mallCode=1,2023-11-11 03:20:58.876606
https://us.shein.com/Solid-Asymmetrical-Neck-Lettuce-Trim-Hanky-Hem-Crop-Tee-p-24345154-cat-1738.html?src_identifier=fc%3DAll%60sc%3DWomenClothing%60tc%3D0%60oc%3DToprated%60ps%3Dtab01navbar03menu01dir03%60jc%3DitemPicking_003161153&src_module=topcat&src_tab_page_id=page_real_class1697808447511&mallCode=1,2023-11-11 03:20:58.876624
https://us.shein.com/DAZY-Solid-Round-Neck-Thermal-Tee-p-25049860-cat-1738.html?src_identifier=fc%3DAll%60sc%3DWomenClothing%60tc%3D0%60oc%3DToprated%60ps%3Dtab01navbar03menu01dir03%60jc%3DitemPicking_003161153&src_module=topcat&src_tab_page_id=page_real_class1697808447511&mallCode=1,2023-11-11 03:20:58.876644
https://us.shein.com/SHEIN-SXY-Graphic-Print-Twist-Front-Crop-Blouse-p-24069755-cat-1733.html?src_identifier=fc%3DAll%60sc%3DWomenClothing%60tc%3D0%60oc%3DToprated%60ps%3Dtab01navbar03menu01dir03%60jc%3DitemPicking_003161153&src_module=topcat&src_tab_page_id=page_real_class1697808447511&mallCode=1,2023-11-11 03:20:58.876665
https://us.shein.com/Christmas-Print-Tee-p-24464249-cat-1738.html?src_identifier=fc%3DAll%60sc%3DWomenClothing%60tc%3D0%60oc%3DToprated%60ps%3Dtab01navbar03menu01dir03%60jc%3DitemPicking_003161153&src_module=topcat&src_tab_page_id=page_real_class1697808447511&mallCode=1,2023-11-11 03:20:58.876683
https://us.shein.com/Solid-Crop-Tee-p-24933145-cat-1738.html?src_identifier=fc%3DAll%60sc%3DWomenClothing%60tc%3D0%60oc%3DToprated%60ps%3Dtab01navbar03menu01dir03%60jc%3DitemPicking_003161153&src_module=topcat&src_tab_page_id=page_real_class1697808447511&mallCode=1,2023-11-11 03:20:58.876700
https://us.shein.com/SHEIN-Essnce-Off-Shoulder-Fuzzy-Trim-Ruched-Side-Crop-Top-p-24050578-cat-2223.html?src_identifier=fc%3DAll%60sc%3DWomenClothing%60tc%3D0%60oc%3DToprated%60ps%3Dtab01navbar03menu01dir03%60jc%3DitemPicking_003161153&src_module=topcat&src_tab_page_id=page_real_class1697808447511&mallCode=1,2023-11-11 03:20:58.876717
https://us.shein.com/3pcs-Solid-V-Neck-Ruched-Side-Tee-p-24069026-cat-1738.html?src_identifier=fc%3DAll%60sc%3DWomenClothing%60tc%3D0%60oc%3DToprated%60ps%3Dtab01navbar03menu01dir03%60jc%3DitemPicking_003161153&src_module=topcat&src_tab_page_id=page_real_class1697808447511&mallCode=1,2023-11-11 03:20:58.876734
https://us.shein.com/SHEIN-BAE-Floral-Jacquard-Button-Front-Satin-Shirt-p-24149494-cat-1733.html?src_identifier=fc%3DAll%60sc%3DWomenClothing%60tc%3D0%60oc%3DToprated%60ps%3Dtab01navbar03menu01dir03%60jc%3DitemPicking_003161153&src_module=topcat&src_tab_page_id=page_real_class1697808447511&mallCode=1,2023-11-11 03:20:58.876753
https://us.shein.com/SHEIN-ICON-Asymmetrical-Neck-Ruched-Hanky-Hem-Tee-p-24536540-cat-1738.html?src_identifier=fc%3DAll%60sc%3DWomenClothing%60tc%3D0%60oc%3DToprated%60ps%3Dtab01navbar03menu01dir03%60jc%3DitemPicking_003161153&src_module=topcat&src_tab_page_id=page_real_class1697808447511&mallCode=1,2023-11-11 03:20:58.876771
https://us.shein.com/SHEIN-Frenchy-Scallop-Trim-Ruched-Tee-p-24595120-cat-1738.html?src_identifier=fc%3DAll%60sc%3DWomenClothing%60tc%3D0%60oc%3DToprated%60ps%3Dtab01navbar03menu01dir03%60jc%3DitemPicking_003161153&src_module=topcat&src_tab_page_id=page_real_class1697808447511&mallCode=1,2023-11-11 03:20:58.876787
https://us.shein.com/SHEIN-EZwear-Mock-Neck-Ribbed-Knit-Crop-Tee-p-24422631-cat-1738.html?src_identifier=fc%3DAll%60sc%3DWomenClothing%60tc%3D0%60oc%3DToprated%60ps%3Dtab01navbar03menu01dir03%60jc%3DitemPicking_003161153&src_module=topcat&src_tab_page_id=page_real_class1697808447511&mallCode=1,2023-11-11 03:20:58.876804
https://us.shein.com/SHEIN-SXY-Solid-Crop-Tank-Top-p-24387575-cat-1779.html?src_identifier=fc%3DAll%60sc%3DWomenClothing%60tc%3D0%60oc%3DToprated%60ps%3Dtab01navbar03menu01dir03%60jc%3DitemPicking_003161153&src_module=topcat&src_tab_page_id=page_real_class1697808447511&mallCode=1,2023-11-11 03:20:58.876822
https://us.shein.com/SHEIN-Essnce-3pcs-Solid-Ruched-Side-Crop-Tee-p-25416330-cat-1738.html?src_identifier=fc%3DAll%60sc%3DWomenClothing%60tc%3D0%60oc%3DToprated%60ps%3Dtab01navbar03menu01dir03%60jc%3DitemPicking_003161153&src_module=topcat&src_tab_page_id=page_real_class1697808447511&mallCode=1,2023-11-11 03:20:58.876839
https://us.shein.com/SHEIN-Essnce-Square-Neck-Flare-Sleeve-Tee-p-24386460-cat-1738.html?src_identifier=fc%3DAll%60sc%3DWomenClothing%60tc%3D0%60oc%3DToprated%60ps%3Dtab01navbar03menu01dir03%60jc%3DitemPicking_003161153&src_module=topcat&src_tab_page_id=page_real_class1697808447511&mallCode=1,2023-11-11 03:20:58.876855
https://us.shein.com/SHEIN-Priv-Guipure-Lace-Insert-Lantern-Sleeve-Blouse-p-23629984-cat-1733.html?src_identifier=fc%3DAll%60sc%3DWomenClothing%60tc%3D0%60oc%3DToprated%60ps%3Dtab01navbar03menu01dir03%60jc%3DitemPicking_003161153&src_module=topcat&src_tab_page_id=page_real_class1697808447511&mallCode=1,2023-11-11 03:20:58.876875
https://us.shein.com/Letter-Graphic-Tee-p-24235459-cat-1738.html?src_identifier=fc%3DAll%60sc%3DWomenClothing%60tc%3D0%60oc%3DToprated%60ps%3Dtab01navbar03menu01dir03%60jc%3DitemPicking_003161153&src_module=topcat&src_tab_page_id=page_real_class1697808447511&mallCode=1,2023-11-11 03:20:58.876892
https://us.shein.com/SHEIN-LUNE-Striped-Print-Colorblock-Tee-p-24632531-cat-1738.html?src_identifier=fc%3DAll%60sc%3DWomenClothing%60tc%3D0%60oc%3DToprated%60ps%3Dtab01navbar03menu01dir03%60jc%3DitemPicking_003161153&src_module=topcat&src_tab_page_id=page_real_class1697808447511&mallCode=1,2023-11-11 03:20:58.876910
https://us.shein.com/3-Pack-Solid-Round-Neck-Tee-p-24935823-cat-1738.html?src_identifier=fc%3DAll%60sc%3DWomenClothing%60tc%3D0%60oc%3DToprated%60ps%3Dtab01navbar03menu01dir03%60jc%3DitemPicking_003161153&src_module=topcat&src_tab_page_id=page_real_class1697808447511&mallCode=1,2023-11-11 03:20:58.876929
https://us.shein.com/Frill-Trim-Flare-Sleeve-Velvet-Blouse-p-25230942-cat-1733.html?src_identifier=fc%3DAll%60sc%3DWomenClothing%60tc%3D0%60oc%3DToprated%60ps%3Dtab01navbar03menu01dir03%60jc%3DitemPicking_003161153&src_module=topcat&src_tab_page_id=page_real_class1697808447511&mallCode=1,2023-11-11 03:20:58.876946
https://us.shein.com/SHEIN-LUNE-Mock-Neck-Split-Hem-Wrap-Tee-p-24616755-cat-1738.html?src_identifier=fc%3DAll%60sc%3DWomenClothing%60tc%3D0%60oc%3DToprated%60ps%3Dtab01navbar03menu01dir03%60jc%3DitemPicking_003161153&src_module=topcat&src_tab_page_id=page_real_class1697808447511&mallCode=1,2023-11-11 03:20:58.876962
https://us.shein.com/SHEIN-ICON-Crisscross-Cut-Out-Front-Crop-Tee-p-24835549-cat-1738.html?src_identifier=fc%3DAll%60sc%3DWomenClothing%60tc%3D0%60oc%3DToprated%60ps%3Dtab01navbar03menu01dir03%60jc%3DitemPicking_003161153&src_module=topcat&src_tab_page_id=page_real_class1697808447511&mallCode=1,2023-11-11 03:20:58.876979
https://us.shein.com/SHEIN-Essnce-3pcs-Solid-Scoop-Neck-Crop-Tee-p-24180405-cat-1738.html?src_identifier=fc%3DAll%60sc%3DWomenClothing%60tc%3D0%60oc%3DToprated%60ps%3Dtab01navbar03menu01dir03%60jc%3DitemPicking_003161153&src_module=topcat&src_tab_page_id=page_real_class1697808447511&mallCode=1,2023-11-11 03:20:58.876995
https://us.shein.com/4pcs-Solid-Crop-Tank-Top-p-24148433-cat-1779.html?src_identifier=fc%3DAll%60sc%3DWomenClothing%60tc%3D0%60oc%3DToprated%60ps%3Dtab01navbar03menu01dir03%60jc%3DitemPicking_003161153&src_module=topcat&src_tab_page_id=page_real_class1697808447511&mallCode=1,2023-11-11 03:20:58.877012
https://us.shein.com/Solid-Zipper-Front-Waffle-Knit-Tee-p-24685985-cat-1738.html?src_identifier=fc%3DAll%60sc%3DWomenClothing%60tc%3D0%60oc%3DToprated%60ps%3Dtab01navbar03menu01dir03%60jc%3DitemPicking_003161153&src_module=topcat&src_tab_page_id=page_real_class1697808447511&mallCode=1,2023-11-11 03:20:58.877031
https://us.shein.com/SHEIN-Frenchy-Square-Neck-Ribbed-Knit-Tee-p-24281054-cat-1738.html?src_identifier=fc%3DAll%60sc%3DWomenClothing%60tc%3D0%60oc%3DToprated%60ps%3Dtab01navbar03menu01dir03%60jc%3DitemPicking_003161153&src_module=topcat&src_tab_page_id=page_real_class1697808447511&mallCode=1,2023-11-11 03:20:58.877049
https://us.shein.com/SHEIN-MOD-Scoop-Neck-Ruched-Side-Ribbed-Knit-Crop-Tee-p-24299434-cat-1738.html?src_identifier=fc%3DAll%60sc%3DWomenClothing%60tc%3D0%60oc%3DToprated%60ps%3Dtab01navbar03menu01dir03%60jc%3DitemPicking_003161153&src_module=topcat&src_tab_page_id=page_real_class1697808447511&mallCode=1,2023-11-11 03:20:58.877069
https://us.shein.com/SHEIN-BAE-Contrast-Mesh-Wrap-Cross-Top-p-24993642-cat-2223.html?src_identifier=fc%3DAll%60sc%3DWomenClothing%60tc%3D0%60oc%3DToprated%60ps%3Dtab01navbar03menu01dir03%60jc%3DitemPicking_003161153&src_module=topcat&src_tab_page_id=page_real_class1697808447511&mallCode=1,2023-11-11 03:20:58.877086
https://us.shein.com/Skull-Letter-Graphic-Drop-Shoulder-Tee-p-21910927-cat-1738.html?src_identifier=fc%3DAll%60sc%3DWomenClothing%60tc%3D0%60oc%3DToprated%60ps%3Dtab01navbar03menu01dir03%60jc%3DitemPicking_003161153&src_module=topcat&src_tab_page_id=page_real_class1697808447511&mallCode=1,2023-11-11 03:20:58.877104
https://us.shein.com/SHEIN-Priv-Cut-Out-Cross-Wrap-Tie-Back-Mock-Neck-Crop-Tee-p-24387635-cat-1738.html?src_identifier=fc%3DAll%60sc%3DWomenClothing%60tc%3D0%60oc%3DToprated%60ps%3Dtab01navbar03menu01dir03%60jc%3DitemPicking_003161153&src_module=topcat&src_tab_page_id=page_real_class1697808447511&mallCode=1,2023-11-11 03:20:58.877120
https://us.shein.com/SHEIN-Priv-Lace-Cami-Top-p-24651094-cat-1779.html?src_identifier=fc%3DAll%60sc%3DWomenClothing%60tc%3D0%60oc%3DToprated%60ps%3Dtab01navbar03menu01dir03%60jc%3DitemPicking_003161153&src_module=topcat&src_tab_page_id=page_real_class1697808447511&mallCode=1,2023-11-11 03:20:58.877140
https://us.shein.com/SHEIN-EZwear-Solid-High-Neck-Ruched-Tee-p-25422965-cat-1738.html?src_identifier=fc%3DAll%60sc%3DWomenClothing%60tc%3D0%60oc%3DToprated%60ps%3Dtab01navbar03menu01dir03%60jc%3DitemPicking_003161153&src_module=topcat&src_tab_page_id=page_real_class1697808447511&mallCode=1,2023-11-11 03:20:58.877157
https://us.shein.com/4pcs-Solid-Crop-Cami-Top-p-24193473-cat-1779.html?src_identifier=fc%3DAll%60sc%3DWomenClothing%60tc%3D0%60oc%3DToprated%60ps%3Dtab01navbar03menu01dir03%60jc%3DitemPicking_003161153&src_module=topcat&src_tab_page_id=page_real_class1697808447511&mallCode=1,2023-11-11 03:20:58.877176
https://us.shein.com/Plaid-Print-Button-Back-Ruffle-Trim-Blouse-p-25039152-cat-1733.html?src_identifier=fc%3DAll%60sc%3DWomenClothing%60tc%3D0%60oc%3DToprated%60ps%3Dtab01navbar03menu01dir03%60jc%3DitemPicking_003161153&src_module=topcat&src_tab_page_id=page_real_class1697808447511&mallCode=1,2023-11-11 03:20:58.877195
https://us.shein.com/DAZY-Solid-Curved-Hem-Halter-Neck-2-in-1-Tee-p-24196128-cat-1738.html?src_identifier=fc%3DAll%60sc%3DWomenClothing%60tc%3D0%60oc%3DToprated%60ps%3Dtab01navbar03menu01dir03%60jc%3DitemPicking_003161153&src_module=topcat&src_tab_page_id=page_real_class1697808447511&mallCode=1,2023-11-11 03:20:58.877212
https://us.shein.com/SHEIN-EZwear-Solid-Foldover-Off-Shoulder-Crop-Tee-p-24424638-cat-1738.html?src_identifier=fc%3DAll%60sc%3DWomenClothing%60tc%3D0%60oc%3DToprated%60ps%3Dtab01navbar03menu01dir03%60jc%3DitemPicking_003161153&src_module=topcat&src_tab_page_id=page_real_class1697808447511&mallCode=1,2023-11-11 03:20:58.877229
https://us.shein.com/SHEIN-LUNE-3pcs-Solid-Cami-Top-p-24489567-cat-1779.html?src_identifier=fc%3DAll%60sc%3DWomenClothing%60tc%3D0%60oc%3DToprated%60ps%3Dtab01navbar03menu01dir03%60jc%3DitemPicking_003161153&src_module=topcat&src_tab_page_id=page_real_class1697808447511&mallCode=1,2023-11-11 03:20:58.877246
https://us.shein.com/SHEIN-LUNE-Half-Zip-Drop-Shoulder-Split-Hem-Tee-p-24288406-cat-1738.html?src_identifier=fc%3DAll%60sc%3DWomenClothing%60tc%3D0%60oc%3DToprated%60ps%3Dtab01navbar03menu01dir03%60jc%3DitemPicking_003161153&src_module=topcat&src_tab_page_id=page_real_class1697808447511&mallCode=1,2023-11-11 03:20:58.877263
https://us.shein.com/DAZY-Kpop-Solid-Crop-Tee-p-24368597-cat-1738.html?src_identifier=fc%3DAll%60sc%3DWomenClothing%60tc%3D0%60oc%3DToprated%60ps%3Dtab01navbar03menu01dir03%60jc%3DitemPicking_003161153&src_module=topcat&src_tab_page_id=page_real_class1697808447511&mallCode=1,2023-11-11 03:20:58.877283
https://us.shein.com/Figure-Graphic-Round-Neck-Tee-p-23838171-cat-1738.html?src_identifier=fc%3DAll%60sc%3DWomenClothing%60tc%3D0%60oc%3DToprated%60ps%3Dtab01navbar03menu01dir03%60jc%3DitemPicking_003161153&src_module=topcat&src_tab_page_id=page_real_class1697808447511&mallCode=1,2023-11-11 03:20:58.877300
https://us.shein.com/SHEIN-EZwear-Plaid-Print-Drop-Shoulder-Crop-Shirt-p-24299172-cat-1733.html?src_identifier=fc%3DAll%60sc%3DWomenClothing%60tc%3D0%60oc%3DToprated%60ps%3Dtab01navbar03menu01dir03%60jc%3DitemPicking_003161153&src_module=topcat&src_tab_page_id=page_real_class1697808447511&mallCode=1,2023-11-11 03:20:58.877317
https://us.shein.com/SHEIN-LUNE-Camo-Print-Raglan-Sleeve-Tee-p-23610783-cat-1738.html?src_identifier=fc%3DAll%60sc%3DWomenClothing%60tc%3D0%60oc%3DToprated%60ps%3Dtab01navbar03menu01dir03%60jc%3DitemPicking_003161153&src_module=topcat&src_tab_page_id=page_real_class1697808447511&mallCode=1,2023-11-11 03:20:58.877333
https://us.shein.com/SHEIN-Priv-Two-Tone-Ruched-Tee-p-25252498-cat-1738.html?src_identifier=fc%3DAll%60sc%3DWomenClothing%60tc%3D0%60oc%3DToprated%60ps%3Dtab01navbar03menu01dir03%60jc%3DitemPicking_003161153&src_module=topcat&src_tab_page_id=page_real_class1697808447511&mallCode=1,2023-11-11 03:20:58.877350
https://us.shein.com/SHEIN-Unity-Surplice-Neck-Ruched-Wrap-Tee-p-24362707-cat-1738.html?src_identifier=fc%3DAll%60sc%3DWomenClothing%60tc%3D0%60oc%3DToprated%60ps%3Dtab01navbar03menu01dir03%60jc%3DitemPicking_003161153&src_module=topcat&src_tab_page_id=page_real_class1697808447511&mallCode=1,2023-11-11 03:20:58.877369
https://us.shein.com/SHEIN-LUNE-Mock-Neck-Button-Detail-Blouse-p-25286584-cat-1733.html?src_identifier=fc%3DAll%60sc%3DWomenClothing%60tc%3D0%60oc%3DToprated%60ps%3Dtab01navbar03menu01dir03%60jc%3DitemPicking_003161153&src_module=topcat&src_tab_page_id=page_real_class1697808447511&mallCode=1,2023-11-11 03:20:58.877391
https://us.shein.com/3pcs-Solid-Scoop-Neck-Tee-p-24596367-cat-1738.html?src_identifier=fc%3DAll%60sc%3DWomenClothing%60tc%3D0%60oc%3DToprated%60ps%3Dtab01navbar03menu01dir03%60jc%3DitemPicking_003161153&src_module=topcat&src_tab_page_id=page_real_class1697808447511&mallCode=1,2023-11-11 03:20:58.877408
https://us.shein.com/3pcs-Solid-High-Neck-Tee-p-23925748-cat-1738.html?src_identifier=fc%3DAll%60sc%3DWomenClothing%60tc%3D0%60oc%3DToprated%60ps%3Dtab01navbar03menu01dir03%60jc%3DitemPicking_003161153&src_module=topcat&src_tab_page_id=page_real_class1697808447511&mallCode=1,2023-11-11 03:20:58.877428
https://us.shein.com/SHEIN-BAE-Scoop-Neck-Ruched-Side-Crop-Tee-p-24643015-cat-1738.html?src_identifier=fc%3DAll%60sc%3DWomenClothing%60tc%3D0%60oc%3DToprated%60ps%3Dtab01navbar03menu01dir03%60jc%3DitemPicking_003161153&src_module=topcat&src_tab_page_id=page_real_class1697808447511&mallCode=1,2023-11-11 03:20:58.877445
https://us.shein.com/SHEIN-BAE-Sequin-Detail-Bustier-Cami-Top-p-24412474-cat-1779.html?src_identifier=fc%3DAll%60sc%3DWomenClothing%60tc%3D0%60oc%3DToprated%60ps%3Dtab01navbar03menu01dir03%60jc%3DitemPicking_003161153&src_module=topcat&src_tab_page_id=page_real_class1697808447511&mallCode=1,2023-11-11 03:20:58.877462
https://us.shein.com/4pcs-Solid-Round-Neck-Tee-p-24854842-cat-1738.html?src_identifier=fc%3DAll%60sc%3DWomenClothing%60tc%3D0%60oc%3DToprated%60ps%3Dtab01navbar03menu01dir03%60jc%3DitemPicking_003161153&src_module=topcat&src_tab_page_id=page_real_class1697808447511&mallCode=1,2023-11-11 03:20:58.877479
https://us.shein.com/SHEIN-BAE-Hook-And-Eye-Front-Contrast-Lace-Cami-Top-p-22192378-cat-1779.html?src_identifier=fc%3DAll%60sc%3DWomenClothing%60tc%3D0%60oc%3DToprated%60ps%3Dtab01navbar03menu01dir03%60jc%3DitemPicking_003161153&src_module=topcat&src_tab_page_id=page_real_class1697808447511&mallCode=1,2023-11-11 03:20:58.877496
https://us.shein.com/SHEIN-SXY-Square-Neck-Ruched-Side-Tee-p-24386054-cat-1738.html?src_identifier=fc%3DAll%60sc%3DWomenClothing%60tc%3D0%60oc%3DToprated%60ps%3Dtab01navbar03menu01dir03%60jc%3DitemPicking_003161153&src_module=topcat&src_tab_page_id=page_real_class1697808447511&mallCode=1,2023-11-11 03:20:58.877513
https://us.shein.com/2pcs-Solid-Tube-Top-p-24415376-cat-2223.html?src_identifier=fc%3DAll%60sc%3DWomenClothing%60tc%3D0%60oc%3DToprated%60ps%3Dtab01navbar03menu01dir03%60jc%3DitemPicking_003161153&src_module=topcat&src_tab_page_id=page_real_class1697808447511&mallCode=1,2023-11-11 03:20:58.877529
https://us.shein.com/SHEIN-Coolane-Slogan-Graphic-Crop-Tee-p-24687293-cat-1738.html?src_identifier=fc%3DAll%60sc%3DWomenClothing%60tc%3D0%60oc%3DToprated%60ps%3Dtab01navbar03menu01dir03%60jc%3DitemPicking_003161153&src_module=topcat&src_tab_page_id=page_real_class1697808447511&mallCode=1,2023-11-11 03:20:58.877548
https://us.shein.com/Slogan-Graphic-Tee-p-24467781-cat-1738.html?src_identifier=fc%3DAll%60sc%3DWomenClothing%60tc%3D0%60oc%3DToprated%60ps%3Dtab01navbar03menu01dir03%60jc%3DitemPicking_003161153&src_module=topcat&src_tab_page_id=page_real_class1697808447511&mallCode=1,2023-11-11 03:20:58.877568
https://us.shein.com/SHEIN-Frenchy-Sweetheart-Neck-Ribbed-Knit-Tee-p-23860547-cat-1738.html?src_identifier=fc%3DAll%60sc%3DWomenClothing%60tc%3D0%60oc%3DToprated%60ps%3Dtab01navbar03menu01dir03%60jc%3DitemPicking_003161153&src_module=topcat&src_tab_page_id=page_real_class1697808447511&mallCode=1,2023-11-11 03:20:58.877585
https://us.shein.com/SHEIN-LUNE-Solid-Button-Front-Satin-Shirt-p-24652577-cat-1733.html?src_identifier=fc%3DAll%60sc%3DWomenClothing%60tc%3D0%60oc%3DToprated%60ps%3Dtab01navbar03menu01dir03%60jc%3DitemPicking_003161153&src_module=topcat&src_tab_page_id=page_real_class1697808447511&mallCode=1,2023-11-11 03:20:58.877601
https://us.shein.com/Letter-Graphic-Tee-p-24310516-cat-1738.html?src_identifier=fc%3DAll%60sc%3DWomenClothing%60tc%3D0%60oc%3DToprated%60ps%3Dtab01navbar03menu01dir03%60jc%3DitemPicking_003161153&src_module=topcat&src_tab_page_id=page_real_class1697808447511&mallCode=1,2023-11-11 03:20:58.877618
https://us.shein.com/SHEIN-Essnce-Solid-Ruched-Front-Flare-Sleeve-Tee-p-25192836-cat-1738.html?src_identifier=fc%3DAll%60sc%3DWomenClothing%60tc%3D0%60oc%3DToprated%60ps%3Dtab01navbar03menu01dir03%60jc%3DitemPicking_003161153&src_module=topcat&src_tab_page_id=page_real_class1697808447511&mallCode=1,2023-11-11 03:20:58.877635
https://us.shein.com/SHEIN-SXY-Solid-Asymmetrical-Hem-Ruched-Boat-Neck-Tee-p-23848435-cat-1738.html?src_identifier=fc%3DAll%60sc%3DWomenClothing%60tc%3D0%60oc%3DToprated%60ps%3Dtab01navbar03menu01dir03%60jc%3DitemPicking_003161153&src_module=topcat&src_tab_page_id=page_real_class1697808447511&mallCode=1,2023-11-11 03:20:58.877652
https://us.shein.com/Solid-Button-Front-Puff-Sleeve-Shirt-p-24042286-cat-1733.html?src_identifier=fc%3DAll%60sc%3DWomenClothing%60tc%3D0%60oc%3DToprated%60ps%3Dtab01navbar03menu01dir03%60jc%3DitemPicking_003161153&src_module=topcat&src_tab_page_id=page_real_class1697808447511&mallCode=1,2023-11-11 03:20:58.877669
https://us.shein.com/SHEIN-EZwear-Square-Neck-Bell-Sleeve-Crop-Tee-p-24357670-cat-1738.html?src_identifier=fc%3DAll%60sc%3DWomenClothing%60tc%3D0%60oc%3DToprated%60ps%3Dtab01navbar03menu01dir03%60jc%3DitemPicking_003161153&src_module=topcat&src_tab_page_id=page_real_class1697808447511&mallCode=1,2023-11-11 03:20:58.877685
https://us.shein.com/Christmas-Print-Tee-p-24929346-cat-1738.html?src_identifier=fc%3DAll%60sc%3DWomenClothing%60tc%3D0%60oc%3DToprated%60ps%3Dtab01navbar03menu01dir03%60jc%3DitemPicking_003161153&src_module=topcat&src_tab_page_id=page_real_class1697808447511&mallCode=1,2023-11-11 03:20:58.877705
https://us.shein.com/SHEIN-Priv-Lettuce-Trim-Curved-Hem-Crop-Tee-p-24049755-cat-1738.html?src_identifier=fc%3DAll%60sc%3DWomenClothing%60tc%3D0%60oc%3DToprated%60ps%3Dtab01navbar03menu01dir03%60jc%3DitemPicking_003161153&src_module=topcat&src_tab_page_id=page_real_class1697808447511&mallCode=1,2023-11-11 03:20:58.877722
https://us.shein.com/Mock-Neck-Lantern-Sleeve-Velvet-Blouse-p-24068896-cat-1733.html?src_identifier=fc%3DAll%60sc%3DWomenClothing%60tc%3D0%60oc%3DToprated%60ps%3Dtab01navbar03menu01dir03%60jc%3DitemPicking_003161153&src_module=topcat&src_tab_page_id=page_real_class1697808447511&mallCode=1,2023-11-11 03:20:58.877739
https://us.shein.com/Corpse-Bride-ROMWE-Letter-Figure-Graphic-Off-Shoulder-Tee-p-24413055-cat-1738.html?src_identifier=fc%3DAll%60sc%3DWomenClothing%60tc%3D0%60oc%3DToprated%60ps%3Dtab01navbar03menu01dir03%60jc%3DitemPicking_003161153&src_module=topcat&src_tab_page_id=page_real_class1697808447511&mallCode=1,2023-11-11 03:20:58.877755
https://us.shein.com/SHEIN-Unity-3pcs-Lettuce-Trim-Ribbed-Knit-Cami-Top-p-25039028-cat-1779.html?src_identifier=fc%3DAll%60sc%3DWomenClothing%60tc%3D0%60oc%3DToprated%60ps%3Dtab01navbar03menu01dir03%60jc%3DitemPicking_003161153&src_module=topcat&src_tab_page_id=page_real_class1697808447511&mallCode=1,2023-11-11 03:20:58.877774
https://us.shein.com/EMERY-ROSE-Graphic-Print-Raglan-Sleeve-Tee-p-24389509-cat-1738.html?src_identifier=fc%3DAll%60sc%3DWomenClothing%60tc%3D0%60oc%3DToprated%60ps%3Dtab01navbar03menu01dir03%60jc%3DitemPicking_003161153&src_module=topcat&src_tab_page_id=page_real_class1697808447511&mallCode=1,2023-11-11 03:20:58.877792
https://us.shein.com/SHEIN-ICON-Off-Shoulder-Crop-Top-p-24180686-cat-2223.html?src_identifier=fc%3DAll%60sc%3DWomenClothing%60tc%3D0%60oc%3DToprated%60ps%3Dtab01navbar03menu01dir03%60jc%3DitemPicking_003161153&src_module=topcat&src_tab_page_id=page_real_class1697808447511&mallCode=1,2023-11-11 03:20:58.877808
https://us.shein.com/DAZY-Solid-Button-Front-Ribbed-Knit-Tee-p-24739004-cat-1738.html?src_identifier=fc%3DAll%60sc%3DWomenClothing%60tc%3D0%60oc%3DToprated%60ps%3Dtab01navbar03menu01dir03%60jc%3DitemPicking_003161153&src_module=topcat&src_tab_page_id=page_real_class1697808447511&mallCode=1,2023-11-11 03:20:58.877825
https://us.shein.com/DAZY-Solid-Crop-Tee-p-24373505-cat-1738.html?src_identifier=fc%3DAll%60sc%3DWomenClothing%60tc%3D0%60oc%3DToprated%60ps%3Dtab01navbar03menu01dir03%60jc%3DitemPicking_003161153&src_module=topcat&src_tab_page_id=page_real_class1697808447511&mallCode=1,2023-11-11 03:20:58.877842
https://us.shein.com/SHEIN-BASICS-Square-Neck-Solid-Tee-p-24906394-cat-1738.html?src_identifier=fc%3DAll%60sc%3DWomenClothing%60tc%3D0%60oc%3DToprated%60ps%3Dtab01navbar03menu01dir03%60jc%3DitemPicking_003161153&src_module=topcat&src_tab_page_id=page_real_class1697808447511&mallCode=1,2023-11-11 03:20:58.877861
https://us.shein.com/SHEIN-EZwear-Solid-Tie-Backless-Crop-Halter-Top-p-24424563-cat-1779.html?src_identifier=fc%3DAll%60sc%3DWomenClothing%60tc%3D0%60oc%3DToprated%60ps%3Dtab01navbar03menu01dir03%60jc%3DitemPicking_003161153&src_module=topcat&src_tab_page_id=page_real_class1697808447511&mallCode=1,2023-11-11 03:20:58.877878
https://us.shein.com/SHEIN-EZwear-Solid-Ribbed-Knit-Tube-Top-Bolero-p-24258786-cat-1738.html?src_identifier=fc%3DAll%60sc%3DWomenClothing%60tc%3D0%60oc%3DToprated%60ps%3Dtab01navbar03menu01dir03%60jc%3DitemPicking_003161153&src_module=topcat&src_tab_page_id=page_real_class1697808447511&mallCode=1,2023-11-11 03:20:58.877895
https://us.shein.com/SHEIN-LUNE-Christmas-Print-Drop-Shoulder-Tee-p-24634953-cat-1738.html?src_identifier=fc%3DAll%60sc%3DWomenClothing%60tc%3D0%60oc%3DToprated%60ps%3Dtab01navbar03menu01dir03%60jc%3DitemPicking_003161153&src_module=topcat&src_tab_page_id=page_real_class1697808447511&mallCode=1,2023-11-11 03:20:58.877911
https://us.shein.com/Solid-Crop-Tee-p-24148154-cat-1738.html?src_identifier=fc%3DAll%60sc%3DWomenClothing%60tc%3D0%60oc%3DToprated%60ps%3Dtab01navbar03menu01dir03%60jc%3DitemPicking_003161153&src_module=topcat&src_tab_page_id=page_real_class1697808447511&mallCode=1,2023-11-11 03:20:58.877931
https://us.shein.com/SHEIN-BAE-Sweetheart-Neck-Lace-Panel-Bustier-Crop-Mesh-Top-p-24350066-cat-2223.html?src_identifier=fc%3DAll%60sc%3DWomenClothing%60tc%3D0%60oc%3DToprated%60ps%3Dtab01navbar03menu01dir03%60jc%3DitemPicking_003161153&src_module=topcat&src_tab_page_id=page_real_class1697808447511&mallCode=1,2023-11-11 03:20:58.877951
https://us.shein.com/SHEIN-EZwear-Scoop-Neck-Crop-Tee-p-24747451-cat-1738.html?src_identifier=fc%3DAll%60sc%3DWomenClothing%60tc%3D0%60oc%3DToprated%60ps%3Dtab01navbar03menu01dir03%60jc%3DitemPicking_003161153&src_module=topcat&src_tab_page_id=page_real_class1697808447511&mallCode=1,2023-11-11 03:20:58.877967
https://us.shein.com/Christmas-Print-Cut-Out-Detail-Tee-p-23938237-cat-1738.html?src_identifier=fc%3DAll%60sc%3DWomenClothing%60tc%3D0%60oc%3DToprated%60ps%3Dtab01navbar03menu01dir03%60jc%3DitemPicking_003161153&src_module=topcat&src_tab_page_id=page_real_class1697808447511&mallCode=1,2023-11-11 03:20:58.877989
https://us.shein.com/DAZY-Kpop-Solid-Crop-Tee-p-24518992-cat-1738.html?src_identifier=fc%3DAll%60sc%3DWomenClothing%60tc%3D0%60oc%3DToprated%60ps%3Dtab01navbar03menu01dir03%60jc%3DitemPicking_003161153&src_module=topcat&src_tab_page_id=page_real_class1697808447511&mallCode=1,2023-11-11 03:20:58.878006
https://us.shein.com/EMERY-ROSE-Plaid-Print-Half-Button-Blouse-p-24173489-cat-1733.html?src_identifier=fc%3DAll%60sc%3DWomenClothing%60tc%3D0%60oc%3DToprated%60ps%3Dtab01navbar03menu01dir03%60jc%3DitemPicking_003161153&src_module=topcat&src_tab_page_id=page_real_class1697808447511&mallCode=1,2023-11-11 03:20:58.878022
https://us.shein.com/Cartoon-Graphic-Tee-p-24391946-cat-1738.html?src_identifier=fc%3DAll%60sc%3DWomenClothing%60tc%3D0%60oc%3DToprated%60ps%3Dtab01navbar03menu01dir03%60jc%3DitemPicking_003161153&src_module=topcat&src_tab_page_id=page_real_class1697808447511&mallCode=1,2023-11-11 03:20:58.878039
https://us.shein.com/SHEIN-Frenchy-Notched-Neckline-Velvet-Tee-p-24632783-cat-1738.html?src_identifier=fc%3DAll%60sc%3DWomenClothing%60tc%3D0%60oc%3DToprated%60ps%3Dtab01navbar03menu01dir03%60jc%3DitemPicking_003161153&src_module=topcat&src_tab_page_id=page_real_class1697808447511&mallCode=1,2023-11-11 03:20:58.878055
https://us.shein.com/SHEIN-ICON-Plunging-Neck-Tie-Backless-Crop-Tee-p-24962339-cat-1738.html?src_identifier=fc%3DAll%60sc%3DWomenClothing%60tc%3D0%60oc%3DToprated%60ps%3Dtab01navbar03menu01dir03%60jc%3DitemPicking_003161153&src_module=topcat&src_tab_page_id=page_real_class1697808447511&mallCode=1,2023-11-11 03:20:58.878072
https://us.shein.com/SHEIN-SXY-Solid-Bustier-Tank-Top-p-24654411-cat-1779.html?src_identifier=fc%3DAll%60sc%3DWomenClothing%60tc%3D0%60oc%3DToprated%60ps%3Dtab01navbar03menu01dir03%60jc%3DitemPicking_003161153&src_module=topcat&src_tab_page_id=page_real_class1697808447511&mallCode=1,2023-11-11 03:20:58.878088
https://us.shein.com/Gigot-Sleeve-Button-Detail-Tee-p-24628150-cat-1738.html?src_identifier=fc%3DAll%60sc%3DWomenClothing%60tc%3D0%60oc%3DToprated%60ps%3Dtab01navbar03menu01dir03%60jc%3DitemPicking_003161153&src_module=topcat&src_tab_page_id=page_real_class1697808447511&mallCode=1,2023-11-11 03:20:58.878105
https://us.shein.com/SHEIN-LUNE-Draped-Collar-Batwing-Sleeve-Tee-p-24391699-cat-1738.html?src_identifier=fc%3DAll%60sc%3DWomenClothing%60tc%3D0%60oc%3DToprated%60ps%3Dtab01navbar03menu01dir03%60jc%3DitemPicking_003161153&src_module=topcat&src_tab_page_id=page_real_class1697808447511&mallCode=1,2023-11-11 03:20:58.878122
https://us.shein.com/4pcs-Solid-Mock-Neck-Ruched-Side-Tee-p-24412419-cat-1738.html?src_identifier=fc%3DAll%60sc%3DWomenClothing%60tc%3D0%60oc%3DToprated%60ps%3Dtab01navbar03menu01dir03%60jc%3DitemPicking_003161153&src_module=topcat&src_tab_page_id=page_real_class1697808447511&mallCode=1,2023-11-11 03:20:58.878138
https://us.shein.com/Plaid-Print-High-Low-Hem-Shirt-Without-Tee-p-24753619-cat-1733.html?src_identifier=fc%3DAll%60sc%3DWomenClothing%60tc%3D0%60oc%3DToprated%60ps%3Dtab01navbar03menu01dir03%60jc%3DitemPicking_003161153&src_module=topcat&src_tab_page_id=page_real_class1697808447511&mallCode=1,2023-11-11 03:20:58.878155
https://us.shein.com/SHEIN-Frenchy-Solid-Ribbed-Knit-Tee-p-24560799-cat-1738.html?src_identifier=fc%3DAll%60sc%3DWomenClothing%60tc%3D0%60oc%3DToprated%60ps%3Dtab01navbar03menu01dir03%60jc%3DitemPicking_003161153&src_module=topcat&src_tab_page_id=page_real_class1697808447511&mallCode=1,2023-11-11 03:20:58.878171
https://us.shein.com/SHEIN-Essnce-Two-Tone-Mock-Neck-Ribbed-Knit-Tee-p-24654681-cat-1738.html?src_identifier=fc%3DAll%60sc%3DWomenClothing%60tc%3D0%60oc%3DToprated%60ps%3Dtab01navbar03menu01dir03%60jc%3DitemPicking_003161153&src_module=topcat&src_tab_page_id=page_real_class1697808447511&mallCode=1,2023-11-11 03:20:58.878187
https://us.shein.com/SHEIN-ICON-Chinese-Dragon-Graphic-Mock-Neck-Backless-Knot-Crop-Tee-p-24836726-cat-1738.html?src_identifier=fc%3DAll%60sc%3DWomenClothing%60tc%3D0%60oc%3DToprated%60ps%3Dtab01navbar03menu01dir03%60jc%3DitemPicking_003161153&src_module=topcat&src_tab_page_id=page_real_class1697808447511&mallCode=1,2023-11-11 03:20:58.878205
https://us.shein.com/3pcs-Mock-Neck-Ruched-Side-Tank-Top-p-25117783-cat-1779.html?src_identifier=fc%3DAll%60sc%3DWomenClothing%60tc%3D0%60oc%3DToprated%60ps%3Dtab01navbar03menu01dir03%60jc%3DitemPicking_003161153&src_module=topcat&src_tab_page_id=page_real_class1697808447511&mallCode=1,2023-11-11 03:20:58.878224
https://us.shein.com/SHEIN-Frenchy-Surplice-Neck-Trumpet-Sleeve-Ribbed-Knit-Tee-p-24386035-cat-1738.html?src_identifier=fc%3DAll%60sc%3DWomenClothing%60tc%3D0%60oc%3DToprated%60ps%3Dtab01navbar03menu01dir03%60jc%3DitemPicking_003161153&src_module=topcat&src_tab_page_id=page_real_class1697808447511&mallCode=1,2023-11-11 03:20:58.878246
https://us.shein.com/SHEIN-Essnce-Solid-Twist-Hem-Tee-p-24432333-cat-1738.html?src_identifier=fc%3DAll%60sc%3DWomenClothing%60tc%3D0%60oc%3DToprated%60ps%3Dtab01navbar03menu01dir03%60jc%3DitemPicking_003161153&src_module=topcat&src_tab_page_id=page_real_class1697808447511&mallCode=1,2023-11-11 03:20:58.878262
https://us.shein.com/3pcs-Solid-Crop-Tee-p-24074382-cat-1738.html?src_identifier=fc%3DAll%60sc%3DWomenClothing%60tc%3D0%60oc%3DToprated%60ps%3Dtab01navbar03menu01dir03%60jc%3DitemPicking_003161153&src_module=topcat&src_tab_page_id=page_real_class1697808447511&mallCode=1,2023-11-11 03:20:58.878282
https://us.shein.com/Slogan-Graphic-Ruched-Tank-Top-p-24886743-cat-1779.html?src_identifier=fc%3DAll%60sc%3DWomenClothing%60tc%3D0%60oc%3DToprated%60ps%3Dtab01navbar03menu01dir03%60jc%3DitemPicking_003161153&src_module=topcat&src_tab_page_id=page_real_class1697808447511&mallCode=1,2023-11-11 03:20:58.878299
https://us.shein.com/DAZY-Kpop-Solid-Round-Neck-Crop-Tee-p-24628813-cat-1738.html?src_identifier=fc%3DAll%60sc%3DWomenClothing%60tc%3D0%60oc%3DToprated%60ps%3Dtab01navbar03menu01dir03%60jc%3DitemPicking_003161153&src_module=topcat&src_tab_page_id=page_real_class1697808447511&mallCode=1,2023-11-11 03:20:58.878315
https://us.shein.com/SHEIN-SXY-Square-Neck-Flounce-Sleeve-Knot-Front-Mesh-Top-p-24739965-cat-2223.html?src_identifier=fc%3DAll%60sc%3DWomenClothing%60tc%3D0%60oc%3DToprated%60ps%3Dtab01navbar03menu01dir03%60jc%3DitemPicking_003161153&src_module=topcat&src_tab_page_id=page_real_class1697808447511&mallCode=1,2023-11-11 03:20:58.878331
https://us.shein.com/SHEIN-Clasi-Puff-Sleeve-Sequin-Tee-p-24112236-cat-1738.html?src_identifier=fc%3DAll%60sc%3DWomenClothing%60tc%3D0%60oc%3DToprated%60ps%3Dtab01navbar03menu01dir03%60jc%3DitemPicking_003161153&src_module=topcat&src_tab_page_id=page_real_class1697808447511&mallCode=1,2023-11-11 03:20:58.878348
https://us.shein.com/SHEIN-Clasi-V-Neck-Shirred-Cuff-Velvet-Blouse-p-24152453-cat-1733.html?src_identifier=fc%3DAll%60sc%3DWomenClothing%60tc%3D0%60oc%3DToprated%60ps%3Dtab01navbar03menu01dir03%60jc%3DitemPicking_003161153&src_module=topcat&src_tab_page_id=page_real_class1697808447511&mallCode=1,2023-11-11 03:20:58.878365
https://us.shein.com/Don-t-Be-Salty-Plus-Size-Short-Sleeve-T-shirt-Women-s-Plus-Casual-Tee-Cute-Girl-Clothes-p-24621370-cat-1738.html?src_identifier=fc%3DAll%60sc%3DWomenClothing%60tc%3D0%60oc%3DToprated%60ps%3Dtab01navbar03menu01dir03%60jc%3DitemPicking_003161153&src_module=topcat&src_tab_page_id=page_real_class1697808447511&mallCode=1,2023-11-11 03:20:58.878383
https://us.shein.com/SHEIN-LUNE-Solid-Drop-Shoulder-Tee-p-24441896-cat-1738.html?src_identifier=fc%3DAll%60sc%3DWomenClothing%60tc%3D0%60oc%3DToprated%60ps%3Dtab01navbar03menu01dir03%60jc%3DitemPicking_003161153&src_module=topcat&src_tab_page_id=page_real_class1697808447511&mallCode=1,2023-11-11 03:20:58.878400
https://us.shein.com/Buffalo-Plaid-Print-Belted-Shirt-p-24517517-cat-1733.html?src_identifier=fc%3DAll%60sc%3DWomenClothing%60tc%3D0%60oc%3DToprated%60ps%3Dtab01navbar03menu01dir03%60jc%3DitemPicking_003161153&src_module=topcat&src_tab_page_id=page_real_class1697808447511&mallCode=1,2023-11-11 03:20:58.878417
https://us.shein.com/SHEIN-Frenchy-Sweetheart-Neck-Lace-Trim-Crop-Tee-p-24663709-cat-1738.html?src_identifier=fc%3DAll%60sc%3DWomenClothing%60tc%3D0%60oc%3DToprated%60ps%3Dtab01navbar03menu01dir03%60jc%3DitemPicking_003161153&src_module=topcat&src_tab_page_id=page_real_class1697808447511&mallCode=1,2023-11-11 03:20:58.878433
https://us.shein.com/Solid-Lantern-Sleeve-Ruched-Bust-Crop-Blouse-p-23814345-cat-1733.html?src_identifier=fc%3DAll%60sc%3DWomenClothing%60tc%3D0%60oc%3DToprated%60ps%3Dtab01navbar03menu01dir03%60jc%3DitemPicking_003161153&src_module=topcat&src_tab_page_id=page_real_class1697808447511&mallCode=1,2023-11-11 03:20:58.878449
https://us.shein.com/SHEIN-Clasi-Mock-Neck-Ruched-Tee-p-24504232-cat-1738.html?src_identifier=fc%3DAll%60sc%3DWomenClothing%60tc%3D0%60oc%3DToprated%60ps%3Dtab01navbar03menu01dir03%60jc%3DitemPicking_003161153&src_module=topcat&src_tab_page_id=page_real_class1697808447511&mallCode=1,2023-11-11 03:20:58.878466
https://us.shein.com/SHEIN-Frenchy-Solid-V-Neck-Ruched-Side-Tee-p-24281635-cat-1738.html?src_identifier=fc%3DAll%60sc%3DWomenClothing%60tc%3D0%60oc%3DToprated%60ps%3Dtab01navbar03menu01dir03%60jc%3DitemPicking_003161153&src_module=topcat&src_tab_page_id=page_real_class1697808447511&mallCode=1,2023-11-11 03:20:58.878483
https://us.shein.com/SHEIN-LUNE-Color-Block-Half-Zip-Drawstring-Hooded-Tee-p-24738143-cat-1738.html?src_identifier=fc%3DAll%60sc%3DWomenClothing%60tc%3D0%60oc%3DToprated%60ps%3Dtab01navbar03menu01dir03%60jc%3DitemPicking_003161153&src_module=topcat&src_tab_page_id=page_real_class1697808447511&mallCode=1,2023-11-11 03:20:58.878499
https://us.shein.com/Contrast-Mesh-Lantern-Sleeve-Notched-Neckline-Blouse-p-25547691-cat-1733.html?src_identifier=fc%3DAll%60sc%3DWomenClothing%60tc%3D0%60oc%3DToprated%60ps%3Dtab01navbar03menu01dir03%60jc%3DitemPicking_003161153&src_module=topcat&src_tab_page_id=page_real_class1697808447511&mallCode=1,2023-11-11 03:20:58.878519
https://us.shein.com/SHEIN-Coolane-Slogan-Graphic-Crop-Tee-p-24461971-cat-1738.html?src_identifier=fc%3DAll%60sc%3DWomenClothing%60tc%3D0%60oc%3DToprated%60ps%3Dtab01navbar03menu01dir03%60jc%3DitemPicking_003161153&src_module=topcat&src_tab_page_id=page_real_class1697808447511&mallCode=1,2023-11-11 03:20:58.878540
